Rep_ID,Rep_Name,Territory_ID,Manager_ID,Region,Email,Phone,Target,Achieved,Joining_Date,Status
REP0001,SalesRep_1,T151,M039,East,rep0@novacure.com,9298391244,1825714,3361942,2023-01-01,Active
REP0002,SalesRep_2,T013,M034,South,rep1@novacure.com,9830398934,4264475,1447975,2023-01-01,Active
REP0003,SalesRep_3,T101,M013,North,rep2@novacure.com,9507240357,842588,2380527,2023-01-01,Active
REP0004,SalesRep_4,T038,M039,West,rep3@novacure.com,9595495023,3723124,2644630,2023-01-01,Inactive
REP0005,SalesRep_5,T017,M041,East,rep4@novacure.com,9442023580,1984555,3924425,2023-01-01,Inactive
REP0006,SalesRep_6,T147,M018,West,rep5@novacure.com,9173626645,562654,4530261,2023-01-01,Inactive
REP0007,SalesRep_7,T008,M001,North,rep6@novacure.com,9459923922,2306840,3411978,2023-01-01,Inactive
REP0008,SalesRep_8,T134,M021,West,rep7@novacure.com,9773191914,2446919,3450323,2023-01-01,Active
REP0009,SalesRep_9,T106,M036,West,rep8@novacure.com,9285635799,2701685,514878,2023-01-01,Active
REP0010,SalesRep_10,T194,M028,West,rep9@novacure.com,9994246821,1271185,3651837,2023-01-01,Active
REP0011,SalesRep_11,T184,M019,North,rep10@novacure.com,9819178041,4251739,1358999,2023-01-01,Active
REP0012,SalesRep_12,T057,M009,South,rep11@novacure.com,9842470657,4870865,1491564,2023-01-01,Active
REP0013,SalesRep_13,T132,M014,North,rep12@novacure.com,9809851870,2613447,371467,2023-01-01,Inactive
REP0014,SalesRep_14,T009,M010,North,rep13@novacure.com,9270398786,3235191,2426024,2023-01-01,Active
REP0015,SalesRep_15,T058,M022,East,rep14@novacure.com,9406794678,4054335,3099445,2023-01-01,Active
REP0016,SalesRep_16,T120,M001,East,rep15@novacure.com,9304630943,1163542,2330619,2023-01-01,Inactive
REP0017,SalesRep_17,T176,M020,East,rep16@novacure.com,9830712166,772101,4986903,2023-01-01,Active
REP0018,SalesRep_18,T104,M045,East,rep17@novacure.com,9663546893,2867644,1050859,2023-01-01,Active
REP0019,SalesRep_19,T180,M047,South,rep18@novacure.com,9995050600,791468,2825197,2023-01-01,Active
REP0020,SalesRep_20,T069,M008,North,rep19@novacure.com,9919046260,2381951,915353,2023-01-01,Active
REP0021,SalesRep_21,T100,M036,North,rep20@novacure.com,9285526861,4738624,4396666,2023-01-01,Inactive
REP0022,SalesRep_22,T114,M041,West,rep21@novacure.com,9790859581,3062626,1878552,2023-01-01,Active
REP0023,SalesRep_23,T127,M013,East,rep22@novacure.com,9220487273,1234790,2779495,2023-01-01,Inactive
REP0024,SalesRep_24,T104,M017,South,rep23@novacure.com,9873720758,3356549,4198116,2023-01-01,Active
REP0025,SalesRep_25,T115,M020,North,rep24@novacure.com,9452192683,4922842,4697163,2023-01-01,Inactive
REP0026,SalesRep_26,T067,M008,East,rep25@novacure.com,9715379477,4653789,1537923,2023-01-01,Inactive
REP0027,SalesRep_27,T168,M039,West,rep26@novacure.com,9848147479,1998599,1769261,2023-01-01,Active
REP0028,SalesRep_28,T011,M030,South,rep27@novacure.com,9134717991,3399279,1677157,2023-01-01,Inactive
REP0029,SalesRep_29,T069,M009,North,rep28@novacure.com,9714934506,2791924,2625195,2023-01-01,Inactive
REP0030,SalesRep_30,T086,M015,West,rep29@novacure.com,9111258880,1119768,2037230,2023-01-01,Active
REP0031,SalesRep_31,T115,M037,South,rep30@novacure.com,9677314885,3878925,3717349,2023-01-01,Active
REP0032,SalesRep_32,T164,M001,East,rep31@novacure.com,9437412583,3978928,2524891,2023-01-01,Active
REP0033,SalesRep_33,T089,M005,North,rep32@novacure.com,9100707548,2890641,2381373,2023-01-01,Active
REP0034,SalesRep_34,T134,M041,East,rep33@novacure.com,9919405148,2229293,297448,2023-01-01,Inactive
REP0035,SalesRep_35,T093,M042,West,rep34@novacure.com,9175698287,3160740,1386689,2023-01-01,Inactive
REP0036,SalesRep_36,T027,M008,West,rep35@novacure.com,9246918948,3618103,902665,2023-01-01,Inactive
REP0037,SalesRep_37,T125,M047,North,rep36@novacure.com,9754939969,3634004,4920523,2023-01-01,Active
REP0038,SalesRep_38,T054,M031,South,rep37@novacure.com,9622176138,2240304,1211765,2023-01-01,Active
REP0039,SalesRep_39,T054,M046,West,rep38@novacure.com,9335298074,4997382,417986,2023-01-01,Active
REP0040,SalesRep_40,T150,M038,East,rep39@novacure.com,9167732686,3241096,1432885,2023-01-01,Inactive
REP0041,SalesRep_41,T019,M036,North,rep40@novacure.com,9962103881,938929,2312000,2023-01-01,Active
REP0042,SalesRep_42,T046,M042,West,rep41@novacure.com,9976692991,3784473,3139348,2023-01-01,Active
REP0043,SalesRep_43,T139,M018,East,rep42@novacure.com,9685065126,1360332,2861812,2023-01-01,Inactive
REP0044,SalesRep_44,T017,M028,North,rep43@novacure.com,9728988245,2658437,4049650,2023-01-01,Active
REP0045,SalesRep_45,T017,M037,North,rep44@novacure.com,9153579138,4113682,3239513,2023-01-01,Active
REP0046,SalesRep_46,T196,M023,South,rep45@novacure.com,9979013542,3805216,3036597,2023-01-01,Inactive
REP0047,SalesRep_47,T106,M022,East,rep46@novacure.com,9920269836,4186643,2581341,2023-01-01,Inactive
REP0048,SalesRep_48,T091,M006,East,rep47@novacure.com,9801098441,3246246,1661258,2023-01-01,Inactive
REP0049,SalesRep_49,T170,M002,West,rep48@novacure.com,9563972218,645512,1914751,2023-01-01,Inactive
REP0050,SalesRep_50,T074,M040,South,rep49@novacure.com,9733386657,2969750,1809959,2023-01-01,Inactive
REP0051,SalesRep_51,T190,M031,South,rep50@novacure.com,9390170060,4103365,3460886,2023-01-01,Inactive
REP0052,SalesRep_52,T158,M027,East,rep51@novacure.com,9984465822,1085740,4337218,2023-01-01,Active
REP0053,SalesRep_53,T070,M022,South,rep52@novacure.com,9852690727,3382781,3332082,2023-01-01,Inactive
REP0054,SalesRep_54,T141,M040,West,rep53@novacure.com,9594161694,3267848,2682228,2023-01-01,Inactive
REP0055,SalesRep_55,T151,M034,East,rep54@novacure.com,9577321213,3305750,3626871,2023-01-01,Active
REP0056,SalesRep_56,T184,M017,North,rep55@novacure.com,9785873402,1794793,214661,2023-01-01,Inactive
REP0057,SalesRep_57,T136,M029,South,rep56@novacure.com,9839377243,4633192,4852232,2023-01-01,Inactive
REP0058,SalesRep_58,T112,M010,West,rep57@novacure.com,9123230514,3486772,2056374,2023-01-01,Inactive
REP0059,SalesRep_59,T166,M040,North,rep58@novacure.com,9909178302,1425079,2542268,2023-01-01,Active
REP0060,SalesRep_60,T143,M028,East,rep59@novacure.com,9695551731,2799867,3824356,2023-01-01,Active
REP0061,SalesRep_61,T163,M043,North,rep60@novacure.com,9643106472,2639323,1467652,2023-01-01,Active
REP0062,SalesRep_62,T195,M007,South,rep61@novacure.com,9868977365,4089976,3961424,2023-01-01,Active
REP0063,SalesRep_63,T156,M003,East,rep62@novacure.com,9502115751,2524927,2167357,2023-01-01,Active
REP0064,SalesRep_64,T177,M030,West,rep63@novacure.com,9203075035,1840803,241538,2023-01-01,Active
REP0065,SalesRep_65,T053,M048,East,rep64@novacure.com,9870241309,2121179,1817599,2023-01-01,Active
REP0066,SalesRep_66,T132,M011,South,rep65@novacure.com,9242719757,1692699,1603451,2023-01-01,Inactive
REP0067,SalesRep_67,T085,M008,South,rep66@novacure.com,9811557474,3989328,4397120,2023-01-01,Inactive
REP0068,SalesRep_68,T200,M040,North,rep67@novacure.com,9506686351,2334934,132287,2023-01-01,Inactive
REP0069,SalesRep_69,T088,M046,North,rep68@novacure.com,9621546072,1851540,3833040,2023-01-01,Active
REP0070,SalesRep_70,T075,M002,East,rep69@novacure.com,9189445075,3752488,1903181,2023-01-01,Inactive
REP0071,SalesRep_71,T114,M036,West,rep70@novacure.com,9977243202,1330639,4946723,2023-01-01,Inactive
REP0072,SalesRep_72,T178,M030,North,rep71@novacure.com,9421248234,2101629,1980002,2023-01-01,Inactive
REP0073,SalesRep_73,T120,M042,South,rep72@novacure.com,9403889563,993078,4323040,2023-01-01,Active
REP0074,SalesRep_74,T030,M029,South,rep73@novacure.com,9573763140,1392645,3798341,2023-01-01,Active
REP0075,SalesRep_75,T123,M011,North,rep74@novacure.com,9278176446,1844987,3844256,2023-01-01,Inactive
REP0076,SalesRep_76,T158,M048,East,rep75@novacure.com,9297481124,2623079,2976477,2023-01-01,Active
REP0077,SalesRep_77,T110,M043,East,rep76@novacure.com,9662775755,2872043,4638020,2023-01-01,Active
REP0078,SalesRep_78,T164,M037,East,rep77@novacure.com,9317215637,632501,4409407,2023-01-01,Active
REP0079,SalesRep_79,T102,M041,East,rep78@novacure.com,9510446523,2120169,3925133,2023-01-01,Inactive
REP0080,SalesRep_80,T183,M047,West,rep79@novacure.com,9350940112,1915686,2471071,2023-01-01,Inactive
REP0081,SalesRep_81,T110,M027,South,rep80@novacure.com,9869923576,3959782,2554686,2023-01-01,Inactive
REP0082,SalesRep_82,T022,M037,West,rep81@novacure.com,9296541201,4887351,4708638,2023-01-01,Inactive
REP0083,SalesRep_83,T085,M024,North,rep82@novacure.com,9292466088,2757728,4812407,2023-01-01,Inactive
REP0084,SalesRep_84,T182,M048,North,rep83@novacure.com,9979105488,4957082,2993168,2023-01-01,Active
REP0085,SalesRep_85,T037,M029,South,rep84@novacure.com,9137205110,3170878,1574555,2023-01-01,Active
REP0086,SalesRep_86,T173,M037,East,rep85@novacure.com,9158144180,4375999,3025089,2023-01-01,Inactive
REP0087,SalesRep_87,T106,M006,South,rep86@novacure.com,9538868914,4393782,133839,2023-01-01,Active
REP0088,SalesRep_88,T100,M010,West,rep87@novacure.com,9326486582,2702238,3723699,2023-01-01,Active
REP0089,SalesRep_89,T032,M037,South,rep88@novacure.com,9707441696,3135363,1695011,2023-01-01,Inactive
REP0090,SalesRep_90,T169,M019,South,rep89@novacure.com,9548013697,830845,4956823,2023-01-01,Active
REP0091,SalesRep_91,T159,M015,East,rep90@novacure.com,9828908466,2032856,2874340,2023-01-01,Active
REP0092,SalesRep_92,T146,M034,South,rep91@novacure.com,9360405084,4355320,4898746,2023-01-01,Inactive
REP0093,SalesRep_93,T100,M033,East,rep92@novacure.com,9244805896,715324,3343835,2023-01-01,Inactive
REP0094,SalesRep_94,T118,M050,South,rep93@novacure.com,9659731391,4841415,619433,2023-01-01,Active
REP0095,SalesRep_95,T096,M011,North,rep94@novacure.com,9496857710,1423666,917386,2023-01-01,Active
REP0096,SalesRep_96,T088,M008,South,rep95@novacure.com,9655172353,1159675,1772741,2023-01-01,Active
REP0097,SalesRep_97,T068,M019,North,rep96@novacure.com,9178215610,4128771,2744978,2023-01-01,Active
REP0098,SalesRep_98,T038,M024,North,rep97@novacure.com,9623186675,962135,1917775,2023-01-01,Inactive
REP0099,SalesRep_99,T150,M049,East,rep98@novacure.com,9990096943,896400,3276799,2023-01-01,Active
REP0100,SalesRep_100,T019,M007,East,rep99@novacure.com,9190632115,803424,2185438,2023-01-01,Active
REP0101,SalesRep_101,T170,M039,West,rep100@novacure.com,9674829558,4866879,881967,2023-01-01,Active
REP0102,SalesRep_102,T006,M031,South,rep101@novacure.com,9781182955,4041699,3001102,2023-01-01,Active
REP0103,SalesRep_103,T156,M039,West,rep102@novacure.com,9898333448,683527,3517298,2023-01-01,Active
REP0104,SalesRep_104,T124,M035,North,rep103@novacure.com,9753027020,4542574,3016737,2023-01-01,Inactive
REP0105,SalesRep_105,T071,M011,South,rep104@novacure.com,9525619473,2599621,4912677,2023-01-01,Inactive
REP0106,SalesRep_106,T043,M007,West,rep105@novacure.com,9499168620,2683644,2461178,2023-01-01,Active
REP0107,SalesRep_107,T037,M011,South,rep106@novacure.com,9822043258,842888,3800757,2023-01-01,Active
REP0108,SalesRep_108,T173,M021,West,rep107@novacure.com,9908623723,1615188,4112544,2023-01-01,Active
REP0109,SalesRep_109,T144,M009,East,rep108@novacure.com,9887209425,3869221,1339211,2023-01-01,Inactive
REP0110,SalesRep_110,T158,M007,South,rep109@novacure.com,9861843904,4445016,3298817,2023-01-01,Inactive
REP0111,SalesRep_111,T045,M018,South,rep110@novacure.com,9928309442,2403865,4787909,2023-01-01,Inactive
REP0112,SalesRep_112,T070,M012,East,rep111@novacure.com,9555325482,2687262,3024647,2023-01-01,Inactive
REP0113,SalesRep_113,T025,M007,North,rep112@novacure.com,9913045291,4936746,3126173,2023-01-01,Active
REP0114,SalesRep_114,T031,M049,West,rep113@novacure.com,9591407167,1952803,4886814,2023-01-01,Active
REP0115,SalesRep_115,T103,M011,East,rep114@novacure.com,9348828352,648576,634868,2023-01-01,Active
REP0116,SalesRep_116,T080,M004,South,rep115@novacure.com,9353703475,2019452,3380632,2023-01-01,Active
REP0117,SalesRep_117,T170,M004,South,rep116@novacure.com,9607692584,4795319,1790917,2023-01-01,Active
REP0118,SalesRep_118,T120,M021,North,rep117@novacure.com,9242977534,2303072,2965797,2023-01-01,Inactive
REP0119,SalesRep_119,T131,M009,East,rep118@novacure.com,9374746198,1857959,656796,2023-01-01,Active
REP0120,SalesRep_120,T032,M038,West,rep119@novacure.com,9910152357,4802295,4635830,2023-01-01,Active
REP0121,SalesRep_121,T130,M009,East,rep120@novacure.com,9322493021,1952951,3993819,2023-01-01,Inactive
REP0122,SalesRep_122,T172,M021,West,rep121@novacure.com,9563406331,4176819,1904718,2023-01-01,Inactive
REP0123,SalesRep_123,T072,M028,West,rep122@novacure.com,9824268084,601316,4263979,2023-01-01,Active
REP0124,SalesRep_124,T072,M019,North,rep123@novacure.com,9755163323,3271429,3176128,2023-01-01,Active
REP0125,SalesRep_125,T005,M043,West,rep124@novacure.com,9438068453,4749964,1469846,2023-01-01,Inactive
REP0126,SalesRep_126,T150,M016,North,rep125@novacure.com,9279587038,938056,614126,2023-01-01,Active
REP0127,SalesRep_127,T001,M038,West,rep126@novacure.com,9151133758,1539322,1260886,2023-01-01,Inactive
REP0128,SalesRep_128,T109,M032,North,rep127@novacure.com,9208131627,4521999,3866515,2023-01-01,Inactive
REP0129,SalesRep_129,T103,M011,South,rep128@novacure.com,9142060758,4149514,3592730,2023-01-01,Inactive
REP0130,SalesRep_130,T164,M005,East,rep129@novacure.com,9961895169,1715259,898663,2023-01-01,Inactive
REP0131,SalesRep_131,T004,M007,North,rep130@novacure.com,9355095970,2047851,4915303,2023-01-01,Inactive
REP0132,SalesRep_132,T148,M037,East,rep131@novacure.com,9337079314,4978742,703722,2023-01-01,Active
REP0133,SalesRep_133,T143,M036,West,rep132@novacure.com,9801396700,1202297,1248346,2023-01-01,Active
REP0134,SalesRep_134,T006,M001,West,rep133@novacure.com,9674873875,4663889,1776629,2023-01-01,Active
REP0135,SalesRep_135,T123,M026,North,rep134@novacure.com,9577923722,893166,2605741,2023-01-01,Active
REP0136,SalesRep_136,T018,M044,North,rep135@novacure.com,9404111757,616912,2586769,2023-01-01,Inactive
REP0137,SalesRep_137,T161,M002,South,rep136@novacure.com,9933469237,2989094,175004,2023-01-01,Inactive
REP0138,SalesRep_138,T046,M007,South,rep137@novacure.com,9786861061,1110396,635734,2023-01-01,Inactive
REP0139,SalesRep_139,T159,M008,South,rep138@novacure.com,9868300460,1989029,833411,2023-01-01,Active
REP0140,SalesRep_140,T043,M016,North,rep139@novacure.com,9172242331,2069962,1081416,2023-01-01,Inactive
REP0141,SalesRep_141,T158,M030,South,rep140@novacure.com,9716071175,4254122,4201917,2023-01-01,Active
REP0142,SalesRep_142,T115,M029,East,rep141@novacure.com,9222360972,4215674,2231395,2023-01-01,Active
REP0143,SalesRep_143,T073,M035,North,rep142@novacure.com,9685146818,3816001,2122475,2023-01-01,Active
REP0144,SalesRep_144,T113,M043,North,rep143@novacure.com,9211726234,3371660,629061,2023-01-01,Inactive
REP0145,SalesRep_145,T090,M044,West,rep144@novacure.com,9909731453,3948566,3854382,2023-01-01,Active
REP0146,SalesRep_146,T107,M039,East,rep145@novacure.com,9723266415,4788391,3353292,2023-01-01,Inactive
REP0147,SalesRep_147,T157,M041,South,rep146@novacure.com,9199961749,3411112,514968,2023-01-01,Inactive
REP0148,SalesRep_148,T042,M031,West,rep147@novacure.com,9822572801,4820461,2027358,2023-01-01,Active
REP0149,SalesRep_149,T089,M002,North,rep148@novacure.com,9215528310,4313040,3720618,2023-01-01,Inactive
REP0150,SalesRep_150,T083,M036,North,rep149@novacure.com,9549986092,3599253,2175620,2023-01-01,Inactive
REP0151,SalesRep_151,T175,M004,East,rep150@novacure.com,9893437435,3516461,3782442,2023-01-01,Active
REP0152,SalesRep_152,T016,M030,West,rep151@novacure.com,9215161307,2042149,3382634,2023-01-01,Inactive
REP0153,SalesRep_153,T004,M045,South,rep152@novacure.com,9562813291,3445531,4029364,2023-01-01,Active
REP0154,SalesRep_154,T114,M035,South,rep153@novacure.com,9182859709,1692781,3504825,2023-01-01,Inactive
REP0155,SalesRep_155,T034,M003,West,rep154@novacure.com,9288119545,2467515,1571949,2023-01-01,Active
REP0156,SalesRep_156,T078,M016,South,rep155@novacure.com,9379035987,2652584,3733859,2023-01-01,Inactive
REP0157,SalesRep_157,T058,M020,North,rep156@novacure.com,9611984909,2309461,742960,2023-01-01,Active
REP0158,SalesRep_158,T122,M040,North,rep157@novacure.com,9713175700,2836318,160760,2023-01-01,Inactive
REP0159,SalesRep_159,T001,M037,North,rep158@novacure.com,9775857291,1403725,1908225,2023-01-01,Active
REP0160,SalesRep_160,T066,M013,North,rep159@novacure.com,9580448072,3023735,296022,2023-01-01,Active
REP0161,SalesRep_161,T146,M043,North,rep160@novacure.com,9821979849,4777264,4004838,2023-01-01,Inactive
REP0162,SalesRep_162,T050,M037,West,rep161@novacure.com,9706949910,697883,1179627,2023-01-01,Active
REP0163,SalesRep_163,T001,M025,East,rep162@novacure.com,9624639958,4689584,4316683,2023-01-01,Inactive
REP0164,SalesRep_164,T015,M008,East,rep163@novacure.com,9840879149,1581532,3789753,2023-01-01,Active
REP0165,SalesRep_165,T109,M005,West,rep164@novacure.com,9926280047,1785882,4484469,2023-01-01,Active
REP0166,SalesRep_166,T035,M001,West,rep165@novacure.com,9669426315,4878569,770954,2023-01-01,Inactive
REP0167,SalesRep_167,T111,M029,South,rep166@novacure.com,9158032314,1295624,3587263,2023-01-01,Active
REP0168,SalesRep_168,T078,M023,West,rep167@novacure.com,9303837725,1377236,1719294,2023-01-01,Inactive
REP0169,SalesRep_169,T106,M013,West,rep168@novacure.com,9997232305,3172991,4397259,2023-01-01,Inactive
REP0170,SalesRep_170,T032,M010,South,rep169@novacure.com,9313196033,1152141,4089399,2023-01-01,Active
REP0171,SalesRep_171,T119,M018,South,rep170@novacure.com,9377734886,1473306,1377611,2023-01-01,Inactive
REP0172,SalesRep_172,T077,M004,North,rep171@novacure.com,9524638253,1881710,1791976,2023-01-01,Active
REP0173,SalesRep_173,T116,M022,North,rep172@novacure.com,9211739956,3890407,2003007,2023-01-01,Inactive
REP0174,SalesRep_174,T106,M047,West,rep173@novacure.com,9229861059,4272875,333271,2023-01-01,Inactive
REP0175,SalesRep_175,T194,M043,East,rep174@novacure.com,9222101605,1434393,1115391,2023-01-01,Active
REP0176,SalesRep_176,T076,M048,North,rep175@novacure.com,9639193346,1998390,493574,2023-01-01,Active
REP0177,SalesRep_177,T186,M014,North,rep176@novacure.com,9606293766,2642356,4242535,2023-01-01,Active
REP0178,SalesRep_178,T118,M001,East,rep177@novacure.com,9445050648,2677717,1067821,2023-01-01,Active
REP0179,SalesRep_179,T188,M001,North,rep178@novacure.com,9784925458,4975066,2028222,2023-01-01,Inactive
REP0180,SalesRep_180,T188,M034,South,rep179@novacure.com,9642457107,3361026,2434626,2023-01-01,Inactive
REP0181,SalesRep_181,T043,M035,West,rep180@novacure.com,9153527699,4296816,2344139,2023-01-01,Inactive
REP0182,SalesRep_182,T059,M039,South,rep181@novacure.com,9512882886,526290,3743475,2023-01-01,Inactive
REP0183,SalesRep_183,T187,M034,West,rep182@novacure.com,9609913459,4067941,1030811,2023-01-01,Active
REP0184,SalesRep_184,T106,M034,South,rep183@novacure.com,9503540961,2822473,2806931,2023-01-01,Inactive
REP0185,SalesRep_185,T108,M039,West,rep184@novacure.com,9170405840,1551551,4622848,2023-01-01,Inactive
REP0186,SalesRep_186,T054,M023,West,rep185@novacure.com,9111062295,2869871,2980440,2023-01-01,Inactive
REP0187,SalesRep_187,T048,M029,South,rep186@novacure.com,9653607103,934879,3792301,2023-01-01,Inactive
REP0188,SalesRep_188,T188,M033,West,rep187@novacure.com,9534445360,3575946,1510601,2023-01-01,Inactive
REP0189,SalesRep_189,T009,M027,South,rep188@novacure.com,9799099143,3486532,2106768,2023-01-01,Active
REP0190,SalesRep_190,T172,M027,West,rep189@novacure.com,9410091240,4154757,2299491,2023-01-01,Active
REP0191,SalesRep_191,T010,M021,West,rep190@novacure.com,9840107445,3888120,1764461,2023-01-01,Inactive
REP0192,SalesRep_192,T192,M034,East,rep191@novacure.com,9120230467,4057552,2001348,2023-01-01,Active
REP0193,SalesRep_193,T020,M048,West,rep192@novacure.com,9876008230,3076846,3626857,2023-01-01,Inactive
REP0194,SalesRep_194,T114,M020,North,rep193@novacure.com,9474733236,2633400,2707938,2023-01-01,Inactive
REP0195,SalesRep_195,T087,M038,North,rep194@novacure.com,9627789832,1292028,191895,2023-01-01,Active
REP0196,SalesRep_196,T156,M022,East,rep195@novacure.com,9802599858,1918265,2641602,2023-01-01,Active
REP0197,SalesRep_197,T124,M010,North,rep196@novacure.com,9668276750,1940166,4789868,2023-01-01,Inactive
REP0198,SalesRep_198,T027,M001,South,rep197@novacure.com,9171594672,2204147,3742928,2023-01-01,Inactive
REP0199,SalesRep_199,T010,M017,North,rep198@novacure.com,9145392008,3838588,2675274,2023-01-01,Inactive
REP0200,SalesRep_200,T061,M008,East,rep199@novacure.com,9794166850,2547718,738763,2023-01-01,Inactive
REP0201,SalesRep_201,T124,M001,West,rep200@novacure.com,9542863402,2926831,4393206,2023-01-01,Inactive
REP0202,SalesRep_202,T158,M024,North,rep201@novacure.com,9422304072,1443630,3281195,2023-01-01,Active
REP0203,SalesRep_203,T079,M015,South,rep202@novacure.com,9859963822,749222,2472504,2023-01-01,Active
REP0204,SalesRep_204,T073,M014,South,rep203@novacure.com,9963665920,4330811,1940472,2023-01-01,Active
REP0205,SalesRep_205,T016,M046,East,rep204@novacure.com,9498892520,4513550,693080,2023-01-01,Active
REP0206,SalesRep_206,T109,M001,North,rep205@novacure.com,9952450929,683005,611216,2023-01-01,Active
REP0207,SalesRep_207,T111,M040,North,rep206@novacure.com,9445710848,4982554,124192,2023-01-01,Inactive
REP0208,SalesRep_208,T140,M005,South,rep207@novacure.com,9447591748,1227428,4203095,2023-01-01,Active
REP0209,SalesRep_209,T023,M046,South,rep208@novacure.com,9399907659,3895431,1014287,2023-01-01,Inactive
REP0210,SalesRep_210,T134,M018,North,rep209@novacure.com,9706222733,1993884,3450301,2023-01-01,Inactive
REP0211,SalesRep_211,T129,M022,East,rep210@novacure.com,9296030277,1258080,380403,2023-01-01,Active
REP0212,SalesRep_212,T128,M026,South,rep211@novacure.com,9304954597,4765765,1046096,2023-01-01,Active
REP0213,SalesRep_213,T163,M045,East,rep212@novacure.com,9875307513,2564166,3942905,2023-01-01,Inactive
REP0214,SalesRep_214,T072,M020,South,rep213@novacure.com,9273905823,3433986,1035913,2023-01-01,Active
REP0215,SalesRep_215,T020,M046,South,rep214@novacure.com,9952871542,2569733,1114926,2023-01-01,Active
REP0216,SalesRep_216,T044,M027,South,rep215@novacure.com,9996337591,3093727,2570927,2023-01-01,Inactive
REP0217,SalesRep_217,T060,M033,South,rep216@novacure.com,9485754290,2590789,2986450,2023-01-01,Inactive
REP0218,SalesRep_218,T120,M037,East,rep217@novacure.com,9865651199,1644055,140777,2023-01-01,Inactive
REP0219,SalesRep_219,T102,M038,North,rep218@novacure.com,9994295208,3928197,2087755,2023-01-01,Active
REP0220,SalesRep_220,T117,M004,West,rep219@novacure.com,9891155797,943064,3796300,2023-01-01,Inactive
REP0221,SalesRep_221,T020,M033,South,rep220@novacure.com,9113241210,3171896,711090,2023-01-01,Active
REP0222,SalesRep_222,T068,M040,West,rep221@novacure.com,9246726057,3407706,1972397,2023-01-01,Inactive
REP0223,SalesRep_223,T148,M045,West,rep222@novacure.com,9467022697,2339568,4488064,2023-01-01,Inactive
REP0224,SalesRep_224,T143,M011,East,rep223@novacure.com,9152851627,3183813,947587,2023-01-01,Inactive
REP0225,SalesRep_225,T194,M027,East,rep224@novacure.com,9152665198,4243107,1992693,2023-01-01,Inactive
REP0226,SalesRep_226,T179,M023,West,rep225@novacure.com,9891247982,2675405,2976167,2023-01-01,Active
REP0227,SalesRep_227,T003,M038,North,rep226@novacure.com,9767410315,2725698,4801517,2023-01-01,Active
REP0228,SalesRep_228,T038,M048,East,rep227@novacure.com,9919847256,4377223,2114019,2023-01-01,Inactive
REP0229,SalesRep_229,T150,M004,West,rep228@novacure.com,9767519747,2355692,1734487,2023-01-01,Active
REP0230,SalesRep_230,T081,M012,East,rep229@novacure.com,9625939027,3891956,3933368,2023-01-01,Active
REP0231,SalesRep_231,T035,M046,South,rep230@novacure.com,9993781518,537261,3177992,2023-01-01,Inactive
REP0232,SalesRep_232,T157,M039,South,rep231@novacure.com,9659427624,3246231,1898761,2023-01-01,Inactive
REP0233,SalesRep_233,T161,M043,South,rep232@novacure.com,9899347328,2649470,2857893,2023-01-01,Inactive
REP0234,SalesRep_234,T010,M032,South,rep233@novacure.com,9599610760,2581709,665302,2023-01-01,Active
REP0235,SalesRep_235,T121,M021,West,rep234@novacure.com,9836073313,1595514,1228763,2023-01-01,Active
REP0236,SalesRep_236,T028,M042,East,rep235@novacure.com,9154604884,3317885,2211901,2023-01-01,Inactive
REP0237,SalesRep_237,T001,M012,East,rep236@novacure.com,9526091601,3334230,1451180,2023-01-01,Active
REP0238,SalesRep_238,T007,M032,West,rep237@novacure.com,9757227245,1909493,3269077,2023-01-01,Inactive
REP0239,SalesRep_239,T038,M012,West,rep238@novacure.com,9428634310,2343866,2047644,2023-01-01,Active
REP0240,SalesRep_240,T127,M029,North,rep239@novacure.com,9834936065,3361422,4225852,2023-01-01,Active
REP0241,SalesRep_241,T055,M006,North,rep240@novacure.com,9719251670,3037251,1668574,2023-01-01,Active
REP0242,SalesRep_242,T117,M039,North,rep241@novacure.com,9823314669,939432,332739,2023-01-01,Active
REP0243,SalesRep_243,T183,M022,North,rep242@novacure.com,9845265909,3682729,3582494,2023-01-01,Active
REP0244,SalesRep_244,T132,M004,East,rep243@novacure.com,9537097587,1534639,717956,2023-01-01,Inactive
REP0245,SalesRep_245,T161,M003,West,rep244@novacure.com,9297847915,4526058,1594633,2023-01-01,Inactive
REP0246,SalesRep_246,T166,M022,West,rep245@novacure.com,9101545623,1613384,3896869,2023-01-01,Inactive
REP0247,SalesRep_247,T173,M044,North,rep246@novacure.com,9761414229,513579,3688057,2023-01-01,Active
REP0248,SalesRep_248,T080,M024,East,rep247@novacure.com,9702064613,610395,943388,2023-01-01,Active
REP0249,SalesRep_249,T110,M031,North,rep248@novacure.com,9614925159,4024058,2370476,2023-01-01,Inactive
REP0250,SalesRep_250,T154,M004,East,rep249@novacure.com,9599975714,4674011,213957,2023-01-01,Active
REP0251,SalesRep_251,T087,M047,West,rep250@novacure.com,9513472453,4774192,1301771,2023-01-01,Inactive
REP0252,SalesRep_252,T167,M016,East,rep251@novacure.com,9982911443,4697097,3098381,2023-01-01,Inactive
REP0253,SalesRep_253,T173,M016,East,rep252@novacure.com,9600060732,2571124,3745931,2023-01-01,Inactive
REP0254,SalesRep_254,T143,M012,South,rep253@novacure.com,9348611942,1914302,1700020,2023-01-01,Active
REP0255,SalesRep_255,T192,M030,West,rep254@novacure.com,9985371782,1219226,4607040,2023-01-01,Inactive
REP0256,SalesRep_256,T193,M034,East,rep255@novacure.com,9962321407,984329,3801825,2023-01-01,Active
REP0257,SalesRep_257,T101,M042,North,rep256@novacure.com,9828270217,550645,3747273,2023-01-01,Active
REP0258,SalesRep_258,T169,M050,West,rep257@novacure.com,9277339128,3911105,1383447,2023-01-01,Active
REP0259,SalesRep_259,T162,M024,East,rep258@novacure.com,9855515826,3290537,1358736,2023-01-01,Active
REP0260,SalesRep_260,T070,M011,North,rep259@novacure.com,9610474015,4768139,2151219,2023-01-01,Inactive
REP0261,SalesRep_261,T001,M016,East,rep260@novacure.com,9405753393,3106999,4234922,2023-01-01,Active
REP0262,SalesRep_262,T149,M035,South,rep261@novacure.com,9707362164,3452488,2193568,2023-01-01,Active
REP0263,SalesRep_263,T047,M007,South,rep262@novacure.com,9874440684,2551154,261112,2023-01-01,Active
REP0264,SalesRep_264,T122,M027,South,rep263@novacure.com,9730339696,3662834,1261265,2023-01-01,Active
REP0265,SalesRep_265,T189,M037,North,rep264@novacure.com,9477742671,2133409,1892289,2023-01-01,Inactive
REP0266,SalesRep_266,T171,M036,South,rep265@novacure.com,9437263197,592608,4528006,2023-01-01,Inactive
REP0267,SalesRep_267,T143,M042,North,rep266@novacure.com,9496308401,4827831,1220258,2023-01-01,Active
REP0268,SalesRep_268,T179,M037,South,rep267@novacure.com,9365833646,1472213,747704,2023-01-01,Active
REP0269,SalesRep_269,T047,M040,East,rep268@novacure.com,9952443398,4141853,430028,2023-01-01,Active
REP0270,SalesRep_270,T073,M041,West,rep269@novacure.com,9540338784,4280739,2785986,2023-01-01,Active
REP0271,SalesRep_271,T064,M015,West,rep270@novacure.com,9511806773,3661327,2743468,2023-01-01,Active
REP0272,SalesRep_272,T042,M020,East,rep271@novacure.com,9459786232,2492319,762674,2023-01-01,Active
REP0273,SalesRep_273,T142,M025,West,rep272@novacure.com,9641001626,2811844,4641707,2023-01-01,Active
REP0274,SalesRep_274,T098,M046,South,rep273@novacure.com,9279029385,2478673,4842536,2023-01-01,Inactive
REP0275,SalesRep_275,T056,M028,West,rep274@novacure.com,9528557371,1838864,288777,2023-01-01,Active
REP0276,SalesRep_276,T050,M033,West,rep275@novacure.com,9833717559,516977,3406019,2023-01-01,Inactive
REP0277,SalesRep_277,T011,M048,South,rep276@novacure.com,9459876882,4230158,4614191,2023-01-01,Inactive
REP0278,SalesRep_278,T184,M045,North,rep277@novacure.com,9313505716,691157,4234972,2023-01-01,Active
REP0279,SalesRep_279,T193,M042,East,rep278@novacure.com,9492644743,2049540,1789015,2023-01-01,Active
REP0280,SalesRep_280,T095,M045,South,rep279@novacure.com,9774637019,4297954,280890,2023-01-01,Active
REP0281,SalesRep_281,T038,M032,North,rep280@novacure.com,9180492023,2004785,4080198,2023-01-01,Inactive
REP0282,SalesRep_282,T019,M050,East,rep281@novacure.com,9889996335,2959809,2184690,2023-01-01,Active
REP0283,SalesRep_283,T072,M038,West,rep282@novacure.com,9189770539,2620782,440024,2023-01-01,Inactive
REP0284,SalesRep_284,T067,M027,West,rep283@novacure.com,9480004207,721491,517989,2023-01-01,Inactive
REP0285,SalesRep_285,T137,M021,West,rep284@novacure.com,9306043913,4637570,4655249,2023-01-01,Active
REP0286,SalesRep_286,T161,M049,West,rep285@novacure.com,9649429151,3156300,1576327,2023-01-01,Active
REP0287,SalesRep_287,T030,M007,South,rep286@novacure.com,9440805329,2148425,2878869,2023-01-01,Active
REP0288,SalesRep_288,T177,M017,South,rep287@novacure.com,9865414902,916863,1997213,2023-01-01,Active
REP0289,SalesRep_289,T173,M047,North,rep288@novacure.com,9250953213,2938074,3233843,2023-01-01,Inactive
REP0290,SalesRep_290,T125,M031,North,rep289@novacure.com,9641093218,2728019,3797192,2023-01-01,Active
REP0291,SalesRep_291,T008,M034,West,rep290@novacure.com,9875058866,4153348,1426942,2023-01-01,Inactive
REP0292,SalesRep_292,T128,M027,West,rep291@novacure.com,9134451774,1992908,3046790,2023-01-01,Inactive
REP0293,SalesRep_293,T146,M001,North,rep292@novacure.com,9125472924,3744970,2925688,2023-01-01,Active
REP0294,SalesRep_294,T025,M009,West,rep293@novacure.com,9920996682,2808732,1231719,2023-01-01,Active
REP0295,SalesRep_295,T004,M021,North,rep294@novacure.com,9524818927,3096403,4721927,2023-01-01,Inactive
REP0296,SalesRep_296,T080,M045,North,rep295@novacure.com,9563571863,1118387,1417985,2023-01-01,Inactive
REP0297,SalesRep_297,T180,M027,East,rep296@novacure.com,9416471903,4451837,2688092,2023-01-01,Inactive
REP0298,SalesRep_298,T040,M024,East,rep297@novacure.com,9641756493,1070161,267278,2023-01-01,Inactive
REP0299,SalesRep_299,T044,M014,West,rep298@novacure.com,9110946887,4686449,2268316,2023-01-01,Inactive
REP0300,SalesRep_300,T057,M029,North,rep299@novacure.com,9711824177,2101800,1214639,2023-01-01,Active
REP0301,SalesRep_301,T051,M001,East,rep300@novacure.com,9770686474,596374,4432462,2023-01-01,Inactive
REP0302,SalesRep_302,T098,M041,South,rep301@novacure.com,9169355594,1569302,387186,2023-01-01,Inactive
REP0303,SalesRep_303,T101,M048,South,rep302@novacure.com,9902165635,2248558,2576845,2023-01-01,Inactive
REP0304,SalesRep_304,T130,M013,East,rep303@novacure.com,9861169737,3030035,3582285,2023-01-01,Inactive
REP0305,SalesRep_305,T009,M033,West,rep304@novacure.com,9625219618,1882741,453832,2023-01-01,Active
REP0306,SalesRep_306,T105,M005,North,rep305@novacure.com,9592228592,1380228,4108312,2023-01-01,Active
REP0307,SalesRep_307,T095,M050,West,rep306@novacure.com,9368695847,1549106,3715697,2023-01-01,Inactive
REP0308,SalesRep_308,T170,M050,South,rep307@novacure.com,9180330949,4491427,226274,2023-01-01,Inactive
REP0309,SalesRep_309,T150,M031,East,rep308@novacure.com,9438083198,3015367,4332917,2023-01-01,Active
REP0310,SalesRep_310,T017,M046,West,rep309@novacure.com,9958303288,592182,3573291,2023-01-01,Active
REP0311,SalesRep_311,T040,M019,East,rep310@novacure.com,9986378972,1291436,2836419,2023-01-01,Inactive
REP0312,SalesRep_312,T116,M036,South,rep311@novacure.com,9756268475,4004236,4148563,2023-01-01,Inactive
REP0313,SalesRep_313,T149,M016,East,rep312@novacure.com,9693039048,932794,1555443,2023-01-01,Inactive
REP0314,SalesRep_314,T187,M049,West,rep313@novacure.com,9661661857,2154053,4578237,2023-01-01,Active
REP0315,SalesRep_315,T181,M019,East,rep314@novacure.com,9853847480,4818735,3304684,2023-01-01,Inactive
REP0316,SalesRep_316,T128,M048,West,rep315@novacure.com,9537680485,588980,3678737,2023-01-01,Active
REP0317,SalesRep_317,T043,M031,North,rep316@novacure.com,9181973676,526428,3307702,2023-01-01,Active
REP0318,SalesRep_318,T107,M033,West,rep317@novacure.com,9563750499,4896593,238062,2023-01-01,Inactive
REP0319,SalesRep_319,T067,M017,West,rep318@novacure.com,9775210415,1555969,4230785,2023-01-01,Inactive
REP0320,SalesRep_320,T167,M017,North,rep319@novacure.com,9637246382,529664,247724,2023-01-01,Active
REP0321,SalesRep_321,T082,M020,West,rep320@novacure.com,9761755570,2054099,176178,2023-01-01,Active
REP0322,SalesRep_322,T094,M014,West,rep321@novacure.com,9475800976,1395788,2631132,2023-01-01,Active
REP0323,SalesRep_323,T179,M035,North,rep322@novacure.com,9472555416,4378053,1646349,2023-01-01,Inactive
REP0324,SalesRep_324,T019,M018,West,rep323@novacure.com,9118907565,781434,2601560,2023-01-01,Active
REP0325,SalesRep_325,T020,M006,South,rep324@novacure.com,9767585358,3386404,756100,2023-01-01,Inactive
REP0326,SalesRep_326,T088,M017,West,rep325@novacure.com,9897890038,1752683,1687911,2023-01-01,Active
REP0327,SalesRep_327,T184,M006,North,rep326@novacure.com,9782882773,4643991,1397559,2023-01-01,Active
REP0328,SalesRep_328,T130,M034,North,rep327@novacure.com,9762397478,2991271,3059793,2023-01-01,Inactive
REP0329,SalesRep_329,T162,M008,South,rep328@novacure.com,9118588896,1946154,402118,2023-01-01,Active
REP0330,SalesRep_330,T133,M044,West,rep329@novacure.com,9749016311,4550765,3117431,2023-01-01,Inactive
REP0331,SalesRep_331,T104,M029,East,rep330@novacure.com,9927300907,3318469,2433258,2023-01-01,Active
REP0332,SalesRep_332,T080,M033,East,rep331@novacure.com,9624645485,2740191,4973009,2023-01-01,Inactive
REP0333,SalesRep_333,T049,M020,East,rep332@novacure.com,9325204469,959024,2076048,2023-01-01,Inactive
REP0334,SalesRep_334,T181,M014,South,rep333@novacure.com,9584373725,919069,2682435,2023-01-01,Active
REP0335,SalesRep_335,T048,M033,South,rep334@novacure.com,9691684748,4398343,3539426,2023-01-01,Active
REP0336,SalesRep_336,T191,M035,East,rep335@novacure.com,9592117171,1523264,590956,2023-01-01,Active
REP0337,SalesRep_337,T135,M049,North,rep336@novacure.com,9393114176,4670121,1758240,2023-01-01,Active
REP0338,SalesRep_338,T021,M001,South,rep337@novacure.com,9719844715,4074966,325126,2023-01-01,Inactive
REP0339,SalesRep_339,T082,M004,West,rep338@novacure.com,9217175620,4198166,1155606,2023-01-01,Active
REP0340,SalesRep_340,T027,M026,East,rep339@novacure.com,9386102652,1167561,2975671,2023-01-01,Active
REP0341,SalesRep_341,T145,M038,West,rep340@novacure.com,9164080755,2998118,4841524,2023-01-01,Active
REP0342,SalesRep_342,T183,M025,East,rep341@novacure.com,9229857267,1579959,1861594,2023-01-01,Inactive
REP0343,SalesRep_343,T162,M015,West,rep342@novacure.com,9843714266,2070535,4907143,2023-01-01,Active
REP0344,SalesRep_344,T027,M009,West,rep343@novacure.com,9163703092,4482080,3656092,2023-01-01,Inactive
REP0345,SalesRep_345,T090,M027,South,rep344@novacure.com,9806159596,2685994,622045,2023-01-01,Active
REP0346,SalesRep_346,T088,M041,West,rep345@novacure.com,9177177081,3580862,517529,2023-01-01,Inactive
REP0347,SalesRep_347,T040,M016,East,rep346@novacure.com,9649669208,823091,2766127,2023-01-01,Inactive
REP0348,SalesRep_348,T185,M047,South,rep347@novacure.com,9932680063,4389383,3799059,2023-01-01,Active
REP0349,SalesRep_349,T150,M045,West,rep348@novacure.com,9432990452,3010568,3895157,2023-01-01,Inactive
REP0350,SalesRep_350,T158,M032,West,rep349@novacure.com,9318794408,3220372,2324447,2023-01-01,Active
REP0351,SalesRep_351,T011,M048,East,rep350@novacure.com,9711516891,2507940,485886,2023-01-01,Active
REP0352,SalesRep_352,T023,M045,East,rep351@novacure.com,9105747753,1623225,3911279,2023-01-01,Inactive
REP0353,SalesRep_353,T051,M037,East,rep352@novacure.com,9506518082,4622845,2362541,2023-01-01,Active
REP0354,SalesRep_354,T154,M033,South,rep353@novacure.com,9120597563,4464001,4601698,2023-01-01,Active
REP0355,SalesRep_355,T160,M046,East,rep354@novacure.com,9969254138,869801,3067624,2023-01-01,Active
REP0356,SalesRep_356,T161,M003,North,rep355@novacure.com,9301851810,2457664,4734469,2023-01-01,Inactive
REP0357,SalesRep_357,T179,M008,North,rep356@novacure.com,9684620864,3830642,2461090,2023-01-01,Active
REP0358,SalesRep_358,T041,M031,East,rep357@novacure.com,9705708710,3570019,1854582,2023-01-01,Inactive
REP0359,SalesRep_359,T070,M049,West,rep358@novacure.com,9983647990,1016579,1776830,2023-01-01,Inactive
REP0360,SalesRep_360,T168,M040,East,rep359@novacure.com,9612684807,1159922,234465,2023-01-01,Active
REP0361,SalesRep_361,T086,M023,South,rep360@novacure.com,9214500151,940146,1749788,2023-01-01,Active
REP0362,SalesRep_362,T014,M048,South,rep361@novacure.com,9166847403,3163373,3935478,2023-01-01,Inactive
REP0363,SalesRep_363,T065,M043,West,rep362@novacure.com,9163540918,4566012,2956964,2023-01-01,Inactive
REP0364,SalesRep_364,T031,M025,South,rep363@novacure.com,9290743401,2556606,2814624,2023-01-01,Active
REP0365,SalesRep_365,T148,M032,West,rep364@novacure.com,9216760019,1311803,2926624,2023-01-01,Active
REP0366,SalesRep_366,T029,M036,South,rep365@novacure.com,9742410417,4961349,1516244,2023-01-01,Inactive
REP0367,SalesRep_367,T148,M008,East,rep366@novacure.com,9241445136,3037130,2943139,2023-01-01,Active
REP0368,SalesRep_368,T036,M020,South,rep367@novacure.com,9222601654,1691281,3484711,2023-01-01,Active
REP0369,SalesRep_369,T095,M009,West,rep368@novacure.com,9620096439,4014298,1476301,2023-01-01,Inactive
REP0370,SalesRep_370,T020,M007,West,rep369@novacure.com,9549393565,1089800,575900,2023-01-01,Inactive
REP0371,SalesRep_371,T128,M045,North,rep370@novacure.com,9115573435,944415,3178464,2023-01-01,Active
REP0372,SalesRep_372,T156,M035,East,rep371@novacure.com,9971938637,2674432,1944613,2023-01-01,Active
REP0373,SalesRep_373,T045,M049,West,rep372@novacure.com,9241155872,1407105,3761005,2023-01-01,Inactive
REP0374,SalesRep_374,T003,M026,North,rep373@novacure.com,9142185792,3210485,2359097,2023-01-01,Active
REP0375,SalesRep_375,T006,M020,South,rep374@novacure.com,9359537563,4168509,1469691,2023-01-01,Active
REP0376,SalesRep_376,T027,M010,North,rep375@novacure.com,9164746648,732871,2275150,2023-01-01,Active
REP0377,SalesRep_377,T197,M023,West,rep376@novacure.com,9515697393,3544139,3164475,2023-01-01,Active
REP0378,SalesRep_378,T133,M009,West,rep377@novacure.com,9433086552,964848,2899388,2023-01-01,Inactive
REP0379,SalesRep_379,T073,M013,West,rep378@novacure.com,9819652510,2329656,766240,2023-01-01,Inactive
REP0380,SalesRep_380,T119,M039,South,rep379@novacure.com,9914948601,945180,924335,2023-01-01,Active
REP0381,SalesRep_381,T046,M036,West,rep380@novacure.com,9162543704,2527106,3331323,2023-01-01,Active
REP0382,SalesRep_382,T116,M035,East,rep381@novacure.com,9173244946,3116099,3995533,2023-01-01,Active
REP0383,SalesRep_383,T153,M046,South,rep382@novacure.com,9992392988,2206989,1867236,2023-01-01,Inactive
REP0384,SalesRep_384,T008,M016,West,rep383@novacure.com,9542663486,4087197,4943116,2023-01-01,Inactive
REP0385,SalesRep_385,T053,M020,South,rep384@novacure.com,9886609999,2673166,4252039,2023-01-01,Inactive
REP0386,SalesRep_386,T117,M033,West,rep385@novacure.com,9893557549,2952412,3581658,2023-01-01,Active
REP0387,SalesRep_387,T097,M028,West,rep386@novacure.com,9884998767,2565070,2384915,2023-01-01,Inactive
REP0388,SalesRep_388,T129,M035,South,rep387@novacure.com,9557340608,1844978,1899680,2023-01-01,Active
REP0389,SalesRep_389,T106,M029,South,rep388@novacure.com,9253481568,606157,1604790,2023-01-01,Inactive
REP0390,SalesRep_390,T191,M040,North,rep389@novacure.com,9601263967,2056260,2629241,2023-01-01,Active
REP0391,SalesRep_391,T173,M047,South,rep390@novacure.com,9656357357,727692,1332207,2023-01-01,Inactive
REP0392,SalesRep_392,T018,M007,West,rep391@novacure.com,9127772665,4524647,862585,2023-01-01,Inactive
REP0393,SalesRep_393,T196,M044,West,rep392@novacure.com,9402500911,502693,572907,2023-01-01,Active
REP0394,SalesRep_394,T200,M021,South,rep393@novacure.com,9425003072,2083006,1877655,2023-01-01,Inactive
REP0395,SalesRep_395,T046,M020,West,rep394@novacure.com,9724114538,1390091,1816882,2023-01-01,Inactive
REP0396,SalesRep_396,T098,M032,West,rep395@novacure.com,9934318705,4981248,2217316,2023-01-01,Inactive
REP0397,SalesRep_397,T134,M042,East,rep396@novacure.com,9203158331,3009621,360887,2023-01-01,Active
REP0398,SalesRep_398,T183,M014,North,rep397@novacure.com,9490184218,3836717,1305705,2023-01-01,Active
REP0399,SalesRep_399,T167,M030,East,rep398@novacure.com,9506607933,2281776,4271232,2023-01-01,Inactive
REP0400,SalesRep_400,T006,M038,West,rep399@novacure.com,9873860993,4604809,864245,2023-01-01,Active
REP0401,SalesRep_401,T160,M034,East,rep400@novacure.com,9355785508,1470900,513170,2023-01-01,Inactive
REP0402,SalesRep_402,T116,M033,North,rep401@novacure.com,9846201153,2321280,1361337,2023-01-01,Active
REP0403,SalesRep_403,T090,M026,East,rep402@novacure.com,9177948396,3530436,4449195,2023-01-01,Active
REP0404,SalesRep_404,T001,M044,North,rep403@novacure.com,9749500986,1252553,2153877,2023-01-01,Inactive
REP0405,SalesRep_405,T192,M012,West,rep404@novacure.com,9576599690,1751068,2705916,2023-01-01,Inactive
REP0406,SalesRep_406,T137,M030,South,rep405@novacure.com,9425674240,2492884,2893577,2023-01-01,Inactive
REP0407,SalesRep_407,T165,M041,West,rep406@novacure.com,9439018744,992238,1005607,2023-01-01,Active
REP0408,SalesRep_408,T180,M030,North,rep407@novacure.com,9879810147,2855019,2948046,2023-01-01,Inactive
REP0409,SalesRep_409,T056,M034,East,rep408@novacure.com,9736355666,3185849,305790,2023-01-01,Active
REP0410,SalesRep_410,T162,M023,East,rep409@novacure.com,9365321504,3134936,1626505,2023-01-01,Inactive
REP0411,SalesRep_411,T051,M003,West,rep410@novacure.com,9921526399,3264133,1109331,2023-01-01,Active
REP0412,SalesRep_412,T012,M009,West,rep411@novacure.com,9967640387,827652,1371876,2023-01-01,Inactive
REP0413,SalesRep_413,T177,M032,West,rep412@novacure.com,9356647478,1418541,1763889,2023-01-01,Active
REP0414,SalesRep_414,T161,M022,West,rep413@novacure.com,9739431933,4768175,4030538,2023-01-01,Active
REP0415,SalesRep_415,T183,M003,South,rep414@novacure.com,9929915209,3422440,3173882,2023-01-01,Inactive
REP0416,SalesRep_416,T173,M037,East,rep415@novacure.com,9636888591,596436,556843,2023-01-01,Active
REP0417,SalesRep_417,T097,M025,West,rep416@novacure.com,9110340588,3440953,2409296,2023-01-01,Active
REP0418,SalesRep_418,T072,M031,East,rep417@novacure.com,9605292114,4577778,1199340,2023-01-01,Active
REP0419,SalesRep_419,T160,M021,East,rep418@novacure.com,9258790976,4370886,3767405,2023-01-01,Inactive
REP0420,SalesRep_420,T006,M014,East,rep419@novacure.com,9781236721,820315,4109788,2023-01-01,Inactive
REP0421,SalesRep_421,T140,M043,West,rep420@novacure.com,9266987330,1456443,2017690,2023-01-01,Active
REP0422,SalesRep_422,T037,M043,North,rep421@novacure.com,9931740045,4635995,2257240,2023-01-01,Active
REP0423,SalesRep_423,T108,M034,East,rep422@novacure.com,9282451200,810867,2605622,2023-01-01,Inactive
REP0424,SalesRep_424,T175,M009,North,rep423@novacure.com,9878089990,1211503,1290232,2023-01-01,Inactive
REP0425,SalesRep_425,T135,M004,North,rep424@novacure.com,9799694299,4832904,4265207,2023-01-01,Active
REP0426,SalesRep_426,T048,M037,North,rep425@novacure.com,9440653890,3256594,1917821,2023-01-01,Active
REP0427,SalesRep_427,T075,M032,West,rep426@novacure.com,9183975157,2086214,2196966,2023-01-01,Inactive
REP0428,SalesRep_428,T103,M048,West,rep427@novacure.com,9578698271,4530097,3293276,2023-01-01,Inactive
REP0429,SalesRep_429,T010,M012,East,rep428@novacure.com,9455359765,1210720,3321235,2023-01-01,Active
REP0430,SalesRep_430,T050,M033,East,rep429@novacure.com,9335623406,1590741,1683528,2023-01-01,Inactive
REP0431,SalesRep_431,T161,M050,West,rep430@novacure.com,9683241624,1651716,4928324,2023-01-01,Inactive
REP0432,SalesRep_432,T020,M010,North,rep431@novacure.com,9748311290,525016,1871718,2023-01-01,Active
REP0433,SalesRep_433,T005,M027,West,rep432@novacure.com,9174076856,3371634,4890524,2023-01-01,Active
REP0434,SalesRep_434,T120,M025,West,rep433@novacure.com,9682902167,2913528,4856818,2023-01-01,Inactive
REP0435,SalesRep_435,T135,M003,North,rep434@novacure.com,9592256685,982006,2299686,2023-01-01,Inactive
REP0436,SalesRep_436,T040,M005,North,rep435@novacure.com,9880257529,2750023,3713216,2023-01-01,Active
REP0437,SalesRep_437,T103,M047,West,rep436@novacure.com,9122383859,4413436,3580247,2023-01-01,Inactive
REP0438,SalesRep_438,T063,M023,East,rep437@novacure.com,9626524643,4842433,318764,2023-01-01,Active
REP0439,SalesRep_439,T052,M022,North,rep438@novacure.com,9779493967,3919750,1111485,2023-01-01,Inactive
REP0440,SalesRep_440,T072,M048,South,rep439@novacure.com,9414401585,4070682,3731791,2023-01-01,Inactive
REP0441,SalesRep_441,T049,M047,North,rep440@novacure.com,9749401519,2487172,3983918,2023-01-01,Inactive
REP0442,SalesRep_442,T110,M007,West,rep441@novacure.com,9848639454,664548,1734087,2023-01-01,Inactive
REP0443,SalesRep_443,T059,M035,West,rep442@novacure.com,9316760798,4977367,4484051,2023-01-01,Active
REP0444,SalesRep_444,T091,M042,North,rep443@novacure.com,9665725208,2541986,1681207,2023-01-01,Active
REP0445,SalesRep_445,T041,M005,West,rep444@novacure.com,9929847492,2334060,3758455,2023-01-01,Active
REP0446,SalesRep_446,T169,M016,South,rep445@novacure.com,9912632056,3285320,2035536,2023-01-01,Active
REP0447,SalesRep_447,T135,M018,East,rep446@novacure.com,9211366737,3101335,1394501,2023-01-01,Active
REP0448,SalesRep_448,T093,M028,North,rep447@novacure.com,9914957047,1888997,1806171,2023-01-01,Inactive
REP0449,SalesRep_449,T175,M041,West,rep448@novacure.com,9365235770,3948834,1326585,2023-01-01,Inactive
REP0450,SalesRep_450,T146,M027,East,rep449@novacure.com,9532278554,500391,914400,2023-01-01,Active
REP0451,SalesRep_451,T021,M027,South,rep450@novacure.com,9484364882,580688,4977133,2023-01-01,Active
REP0452,SalesRep_452,T072,M025,South,rep451@novacure.com,9182772061,4988881,3992703,2023-01-01,Inactive
REP0453,SalesRep_453,T053,M039,West,rep452@novacure.com,9179529022,2305455,155663,2023-01-01,Active
REP0454,SalesRep_454,T032,M004,North,rep453@novacure.com,9687441671,1835423,3989806,2023-01-01,Active
REP0455,SalesRep_455,T153,M034,East,rep454@novacure.com,9115930131,3711543,265768,2023-01-01,Inactive
REP0456,SalesRep_456,T019,M022,West,rep455@novacure.com,9782324677,2470401,4880069,2023-01-01,Active
REP0457,SalesRep_457,T199,M046,East,rep456@novacure.com,9897090775,536769,2238472,2023-01-01,Inactive
REP0458,SalesRep_458,T194,M008,West,rep457@novacure.com,9567000381,2335921,4331113,2023-01-01,Active
REP0459,SalesRep_459,T097,M034,East,rep458@novacure.com,9485825592,2451156,3591395,2023-01-01,Inactive
REP0460,SalesRep_460,T191,M049,North,rep459@novacure.com,9856521359,4313534,3495854,2023-01-01,Inactive
REP0461,SalesRep_461,T159,M005,East,rep460@novacure.com,9121362933,2423658,2852771,2023-01-01,Active
REP0462,SalesRep_462,T024,M044,South,rep461@novacure.com,9757696996,4690295,1810004,2023-01-01,Inactive
REP0463,SalesRep_463,T167,M031,West,rep462@novacure.com,9394724461,991743,2057770,2023-01-01,Active
REP0464,SalesRep_464,T146,M034,West,rep463@novacure.com,9353164103,2119861,2991145,2023-01-01,Active
REP0465,SalesRep_465,T086,M014,North,rep464@novacure.com,9993992950,781991,1894197,2023-01-01,Active
REP0466,SalesRep_466,T134,M019,South,rep465@novacure.com,9480562754,3783929,4342712,2023-01-01,Active
REP0467,SalesRep_467,T132,M024,East,rep466@novacure.com,9441089486,3900458,711885,2023-01-01,Inactive
REP0468,SalesRep_468,T002,M022,East,rep467@novacure.com,9943865356,3109890,3836355,2023-01-01,Inactive
REP0469,SalesRep_469,T153,M005,West,rep468@novacure.com,9798778235,4862650,3510378,2023-01-01,Inactive
REP0470,SalesRep_470,T097,M044,West,rep469@novacure.com,9988093370,4017598,1970266,2023-01-01,Active
REP0471,SalesRep_471,T138,M005,North,rep470@novacure.com,9738949981,1662143,2160131,2023-01-01,Active
REP0472,SalesRep_472,T086,M028,South,rep471@novacure.com,9406579760,4452364,2871584,2023-01-01,Active
REP0473,SalesRep_473,T130,M007,South,rep472@novacure.com,9150915198,4101825,3753594,2023-01-01,Active
REP0474,SalesRep_474,T086,M023,North,rep473@novacure.com,9748497070,4294504,1094372,2023-01-01,Inactive
REP0475,SalesRep_475,T057,M008,North,rep474@novacure.com,9237553809,4707975,1260860,2023-01-01,Active
REP0476,SalesRep_476,T110,M046,East,rep475@novacure.com,9527767458,3010806,2328462,2023-01-01,Inactive
REP0477,SalesRep_477,T196,M027,North,rep476@novacure.com,9175086179,2588527,990425,2023-01-01,Active
REP0478,SalesRep_478,T200,M041,North,rep477@novacure.com,9702338539,1037707,1212626,2023-01-01,Inactive
REP0479,SalesRep_479,T189,M024,North,rep478@novacure.com,9829367085,3702136,2664036,2023-01-01,Active
REP0480,SalesRep_480,T168,M034,West,rep479@novacure.com,9405606402,2657057,3002647,2023-01-01,Active
REP0481,SalesRep_481,T058,M023,South,rep480@novacure.com,9223620075,2496964,1438337,2023-01-01,Inactive
REP0482,SalesRep_482,T192,M008,North,rep481@novacure.com,9671178946,4254292,186390,2023-01-01,Active
REP0483,SalesRep_483,T029,M029,North,rep482@novacure.com,9468859959,4671426,426121,2023-01-01,Active
REP0484,SalesRep_484,T100,M009,South,rep483@novacure.com,9599694929,3448877,3910626,2023-01-01,Inactive
REP0485,SalesRep_485,T063,M010,North,rep484@novacure.com,9782496634,1833928,2002126,2023-01-01,Inactive
REP0486,SalesRep_486,T117,M025,West,rep485@novacure.com,9759350242,2141898,123656,2023-01-01,Active
REP0487,SalesRep_487,T096,M011,East,rep486@novacure.com,9729036124,1026665,4565550,2023-01-01,Active
REP0488,SalesRep_488,T104,M012,South,rep487@novacure.com,9300285487,3580843,2001003,2023-01-01,Active
REP0489,SalesRep_489,T045,M004,East,rep488@novacure.com,9941818800,1860627,3555722,2023-01-01,Inactive
REP0490,SalesRep_490,T030,M039,North,rep489@novacure.com,9425193603,4431706,4156211,2023-01-01,Active
REP0491,SalesRep_491,T037,M033,East,rep490@novacure.com,9649422274,4347831,2580522,2023-01-01,Inactive
REP0492,SalesRep_492,T076,M012,East,rep491@novacure.com,9942479235,4876664,162388,2023-01-01,Inactive
REP0493,SalesRep_493,T037,M007,South,rep492@novacure.com,9953924816,3846186,3822656,2023-01-01,Inactive
REP0494,SalesRep_494,T068,M047,West,rep493@novacure.com,9432507512,697859,496482,2023-01-01,Active
REP0495,SalesRep_495,T166,M038,South,rep494@novacure.com,9489130432,3558580,3802942,2023-01-01,Active
REP0496,SalesRep_496,T161,M013,South,rep495@novacure.com,9533382437,667354,973802,2023-01-01,Inactive
REP0497,SalesRep_497,T086,M050,South,rep496@novacure.com,9108375747,2907105,4751157,2023-01-01,Inactive
REP0498,SalesRep_498,T153,M021,West,rep497@novacure.com,9349037536,1565381,543508,2023-01-01,Active
REP0499,SalesRep_499,T065,M010,North,rep498@novacure.com,9591275793,2038508,2347788,2023-01-01,Active
REP0500,SalesRep_500,T123,M032,North,rep499@novacure.com,9983829292,939178,628718,2023-01-01,Active
